TRUNCATE TABLE `TAB_ABONNEMENT`;
INSERT INTO `TAB_ABONNEMENT` (`ID_ABONNEMENT`, `AB_DEBUT`, `AB_FIN`, `AB_NBMANAGERS`, `AB_MAXSTORAGE`, `AB_STORAGEUSE`, `AB_MAXRESSOURCESPERMANAGER`, `AB_MAXRESSOURCESINTRANET`) VALUES
(1, '2016-01-01', NULL, 10, 30, 0, 15, 0);

TRUNCATE TABLE `TAB_ACHAT`;
TRUNCATE TABLE `TAB_ACTION`;
INSERT INTO `TAB_ACTION` (`ID_ACTION`, `ACTION_CREATEDAT`, `ACTION_TYPE`, `ACTION_DATE`, `ACTION_TEXTE`, `ACTION_TITRE`, `ACTION_STATUT`, `ACTION_ETAT`, `ID_PARENT`, `ID_OTHER`, `ID_RESPUSER`) VALUES
(25, '2017-03-22 11:33:33', 52, '2017-03-22 12:00:00', 'Ressource : Boulanger Daniel\n', '', 0, 0, 1, 1, 2),
(26, '2017-03-22 11:33:53', 50, '2017-03-22 09:21:00', 'test', '', 0, 0, 1, 0, 2),
(22, '2017-03-22 11:32:54', 52, '2017-03-22 09:21:00', 'Ressource : Boulanger Daniel\ntest', '', 0, 0, 1, 0, 2),
(4, '2017-03-22 10:23:51', 32, '2017-03-22 10:00:00', 'Ressource : Boulanger Daniel, Client : Scrooge Balthazar - The Bank\nTest', '', 0, 0, 1, 1, 2),
(27, '2017-05-15 11:09:48', 102, '2017-05-15 11:09:48', 'Modification du contrat CTR1 de Victor Hugo : \nSalaire mensuel : 45999 -> 4599', '', 6, 0, 1, 0, 2),
(23, '2017-03-22 11:33:33', 8, '2017-03-22 12:00:00', 'Besoin : Régie 1, Client : Scrooge Balthazar - The Bank\n', '', 0, 0, 3, 0, 2),
(7, '2017-03-22 10:28:19', 32, '2017-03-22 10:00:00', 'Ressource : Boulanger Daniel, Client : Scrooge Balthazar - The Bank\nTest', '', 0, 0, 1, 1, 2),
(10, '2017-03-22 10:28:47', 32, '2017-03-22 10:00:00', 'Ressource : Boulanger Daniel, Client : Scrooge Balthazar - The Bank\nTest', '', 0, 0, 1, 1, 2),
(24, '2017-03-22 11:33:33', 10, '2017-03-22 12:00:00', 'Besoin : Régie 1, Ressource : Boulanger Daniel\n', '', 0, 0, 1, 1, 2),
(17, '2017-03-22 11:25:48', 52, '2017-03-22 09:21:00', 'test', '', 0, 0, 1, 0, 2),
(18, '2017-03-22 11:25:48', 8, '2017-03-22 09:21:00', 'Besoin : Régie 1, Client : Scrooge Balthazar - The Bank\ntest', '', 0, 0, 3, 0, 2),
(19, '2017-03-22 11:25:48', 10, '2017-03-22 09:21:00', 'Besoin : Régie 1, Ressource : Boulanger Daniel\ntest', '', 0, 0, 1, 1, 2),
(20, '2017-03-22 11:32:54', 8, '2017-03-22 09:21:00', 'Besoin : Régie 1, Client : Scrooge Balthazar - The Bank\ntest', '', 0, 0, 3, 0, 2),
(21, '2017-03-22 11:32:54', 10, '2017-03-22 09:21:00', 'Besoin : Régie 1, Ressource : Boulanger Daniel\ntest', '', 0, 0, 1, 1, 2);

TRUNCATE TABLE `TAB_AO`;
INSERT INTO `TAB_AO` (`ID_AO`, `AO_VISIBILITE`, `AO_APPLICATIONS`, `AO_INTERVENTION`, `AO_REF`, `AO_TITLE`, `AO_TYPE`, `AO_TYPEREF`, `AO_DESCRIPTION`, `AO_CRITERES`, `AO_LIEU`, `AO_BUDGET`, `AO_TYPEDEBUT`, `AO_DEBUT`, `AO_DEPOT`, `AO_DATEUPDATE`, `AO_DUREE`, `AO_ETAT`, `AO_CA`, `AO_PROBA`, `AO_DEVISE`, `AO_CHANGE`, `AO_DEVISEAGENCE`, `AO_CHANGEAGENCE`, `AO_TYPESOURCE`, `AO_SOURCE`, `AO_CORRELATIONPOS`, `AO_TARIFADDITIONNEL`, `AO_INVESTISSEMENT`, `AO_OUTILS`, `ID_PROFIL`, `ID_CRMCONTACT`, `ID_CRMSOCIETE`, `ID_SOCIETE`, `ID_POLE`, `ID_PROFILRH`) VALUES
(1, 1, 'categorie2domaine1', '', 'AO1', 'Régie 1', 1, 1, 'Opportunité de régie', '', '', 0, 1, '0000-00-00', '2016-05-02', '2017-03-22 11:33:53', 0, 1, 0, 0, 0, 1, 0, 1, -1, '', 0, 0, 0, '', 2, 1, 1, 1, 0, 0),
(2, 1, 'categorie2domaine2', '', 'AO2', 'Forfait 1', 2, 2, 'Opportunité de forfait', '', '', 0, 1, '0000-00-00', '2016-05-02', '2016-05-25 17:27:27', 0, 0, 0, 0, 0, 1, 0, 1, -1, '', 0, 0, 0, '', 2, 1, 1, 1, 0, 0);

TRUNCATE TABLE `TAB_AVANTAGE`;
TRUNCATE TABLE `TAB_BAREMEKM`;
INSERT INTO `TAB_BAREMEKM` (`ID_BAREMEKM`, `BKM_REF`, `BKM_NAME`, `BKM_VALUE`, `BKM_ETAT`, `ID_SOCIETE`) VALUES
(2, 1, '5CV < 5000 km', 0.536, 1, 1),
(3, 2, '5CV > 20 000 km', 0.359, 1, 1),
(4, 3, '6CV < 5000 km', 0.561, 1, 1),
(5, 4, '6CV > 20 000 km', 0.377, 1, 1),
(6, 5, '7CV < 5000 km', 0.587, 1, 1),
(7, 6, '7CV > 20 000 km', 0.396, 1, 1);

TRUNCATE TABLE `TAB_BONDECOMMANDE`;
INSERT INTO `TAB_BONDECOMMANDE` (`ID_BONDECOMMANDE`, `BDC_ETAT`, `BDC_REF`, `BDC_DATE`, `BDC_MENTIONS`, `BDC_TYPEREGLEMENT`, `BDC_CONDREGLEMENT`, `BDC_TAUXTVA`, `BDC_TYPEPAYMENT`, `BDC_COMMENTAIRE`, `BDC_LANGUE`, `BDC_ACCORDCLIENT`, `BDC_REFCLIENT`, `BDC_SHOWINTNAME`, `BDC_SHOWTARIFJRS`, `BDC_SHOWRIB`, `BDC_SHOWJRSOUVRES`, `BDC_SHOWFACTOR`, `BDC_SHOWTVAIC`, `BDC_SHOWNUMBER`, `BDC_SHOWPRJREFERENCE`, `BDC_SHOWFOOTER`, `BDC_SEPARATETPSFRS`, `BDC_AUTOCREATION`, `BDC_GROUPMISSION`, `BDC_COPYCOMMENTS`, `BDC_SHOWCOMMENTS`, `BDC_MONTANTHT`, `ID_COORDONNEES`, `ID_RIB`, `ID_CRMSOCIETE`, `ID_PROJET`, `ID_RESPUSER`) VALUES
(1, 1, 'BM1000000000001', '2016-05-01', '', 1, 1, 20, -1, '', 'fr', 0, 'Commande 1', 0, 0, 1, 0, 0, 0, 0, 1, 1, 0, 0, 0, 0, 0, 22050, 1, 2, 0, 1, 3);

TRUNCATE TABLE `TAB_BOONDMANAGER`;
INSERT INTO `TAB_BOONDMANAGER` (`ID_BOONDMANAGER`, `BD_VERSION`, `BD_FISCALYEAR`, `BD_DASHBOARDRECRUTEMENT`, `BD_DASHBOARDVENTES`) VALUES
(1, '6.9.5', '01-01', '12|40', '60');

TRUNCATE TABLE `TAB_BUSINESSUNIT`;
TRUNCATE TABLE `TAB_CAECHEANCIER`;
TRUNCATE TABLE `TAB_CONTRAT`;
INSERT INTO `TAB_CONTRAT` (`ID_CONTRAT`, `CTR_TYPE`, `CTR_DEBUT`, `CTR_FIN`, `CTR_DATEPE1`, `CTR_DATEPE2`, `CTR_CJMCONTRAT`, `CTR_CJMPRODUCTION`, `CTR_FORCECJMPRODUCTION`, `CTR_SALAIREHEURE`, `CTR_SALAIREMENSUEL`, `CTR_CHARGE`, `CTR_NBJRSOUVRE`, `CTR_FRSJOUR`, `CTR_FRSMENSUEL`, `CTR_DEVISE`, `CTR_CHANGE`, `CTR_DEVISEAGENCE`, `CTR_CHANGEAGENCE`, `CTR_COMMENTAIRES`, `CTR_AVANTAGES`, `CTR_CLASSIFICATION`, `CTR_CATEGORIE`, `CTR_TPSTRAVAIL`, `CTR_DUREEHEBDOMADAIRE`, `CTR_FORCESALAIREHEURE`, `CTR_REGLESTEMPSEXCEPTION`, `ID_PARENT`, `ID_PROFIL`, `ID_SOCIETE`) VALUES
(1, -1, '2017-05-15', '3000-01-01', NULL, NULL, 384.02709677419, 384.02709677419, 0, 0, 4599, 1.51, 217, 0, 0, 0, 1, 0, 1, '', '', '-1', -1, -1, 0, 0, '', 0, 1, 1);

TRUNCATE TABLE `TAB_COORDONNEES`;
INSERT INTO `TAB_COORDONNEES` (`ID_COORDONNEES`, `COORD_NOM`, `COORD_CONTACT`, `COORD_TEL`, `COORD_EMAIL`, `COORD_ADR1`, `COORD_ADR2`, `COORD_ADR3`, `COORD_CP`, `COORD_VILLE`, `COORD_PAYS`, `COORD_TYPE`, `COORD_EMAIL2`, `COORD_EMAIL3`, `COORD_ETAT`, `ID_PARENT`) VALUES
(1, 'The Bank', 'Scrooge Balthazar', '', 'b.scrooge@domain.tld', '1 avenue du maréchal', '', '', '48250', 'Laveyrune', 'France', 0, '', '', 1, 1);

TRUNCATE TABLE `TAB_CORRELATIONBONDECOMMANDE`;
INSERT INTO `TAB_CORRELATIONBONDECOMMANDE` (`ID_CORRELATIONBONDECOMMANDE`, `ID_BONDECOMMANDE`, `ID_ITEM`, `CORBDC_TYPE`) VALUES
(1, 1, 1, 0);

TRUNCATE TABLE `TAB_CRMCONTACT`;
INSERT INTO `TAB_CRMCONTACT` (`ID_CRMCONTACT`, `CCON_CIVILITE`, `CCON_NOM`, `CCON_PRENOM`, `CCON_TYPE`, `CCON_SERVICE`, `CCON_FONCTION`, `CCON_TEL1`, `CCON_TEL2`, `CCON_FAX`, `CCON_EMAIL`, `CCON_EMAIL2`, `CCON_EMAIL3`, `CCON_ADR`, `CCON_CP`, `CCON_VILLE`, `CCON_PAYS`, `CCON_COMMENTAIRE`, `CCON_TYPESOURCE`, `CCON_SOURCE`, `CCON_APPLICATIONS`, `CCON_OUTILS`, `CCON_DATEUPDATE`, `CCON_DATE`, `ID_CRMSOCIETE`, `ID_PROFIL`, `ID_SOCIETE`, `ID_POLE`) VALUES
(1, 0, 'Scrooge', 'Balthazar', 0, 'Direction', 'Directeur', '', '', '', 'b.scrooge@sa.tld', '', '', '', '', '', 'France', '', 0, '', '', '', '2017-03-22 11:33:33', '2016-05-02 12:00:05', 1, 2, 1, 0),
(2, 0, 'Scrooge', 'Balthazar', 0, 'Direction', 'Directeur', '', '', '', 'b.scrooge@sa.tld', '', '', '', '', '', 'France', '', 0, '', '', '', '2016-05-25 17:27:27', '2016-05-02 12:00:05', 1, 2, 1, 0);

TRUNCATE TABLE `TAB_CRMSOCIETE`;
INSERT INTO `TAB_CRMSOCIETE` (`ID_CRMSOCIETE`, `CSOC_TYPE`, `CSOC_SOCIETE`, `CSOC_NUMERO`, `CSOC_TEL`, `CSOC_EFFECTIF`, `CSOC_FAX`, `CSOC_ADR`, `CSOC_CP`, `CSOC_VILLE`, `CSOC_PAYS`, `CSOC_METIERS`, `CSOC_WEB`, `CSOC_SERVICES`, `CSOC_INTERVENTION`, `CSOC_TVA`, `CSOC_SIREN`, `CSOC_NIC`, `CSOC_RCS`, `CSOC_NAF`, `CSOC_STATUT`, `CSOC_TYPESOURCE`, `CSOC_SOURCE`, `CSOC_DATEUPDATE`, `CSOC_DATE`, `CSOC_BAREMESEXCEPTION`, `ID_PROFIL`, `ID_SOCIETE`, `ID_POLE`, `ID_RESPSOC`) VALUES
(1, 0, 'The Bank', 'TB-01', '01 10 10 11 11', 0, '', '1 avenue du maréchal', '48250', 'Laveyrune', 'France', '', '', '', 'Banque', 'FR56518346416', '518346416', '', '', '', '', 0, '', '2016-05-25 17:27:27', '2016-05-02 12:00:00', '', 2, 1, 0, 0);

TRUNCATE TABLE `TAB_CV`;
TRUNCATE TABLE `TAB_DELETED`;
TRUNCATE TABLE `TAB_DEVICEALLOWED`;
INSERT INTO `TAB_DEVICEALLOWED` (`ID_DEVICEALLOWED`, `DALL_SHA`, `DALL_NAVIGATEUR`, `DALL_NOM`, `DALL_DATE`, `DALL_SESSION`, `DALL_SERVER`, `DALL_LASTCONNEXION`, `DALL_IP`, `ID_USER`) VALUES
(101, 'a51b9c6aea26e7c97f932312652db69dda2fe1e1', 'Mozilla/5.0 (Macintosh; Intel Mac OS X 10_12_4) AppleWebKit/537.36 (KHTML, like Gecko) Chrome/56.0.2924.87 Safari/537.36', '', '2017-05-05 10:17:11', '', 0, '2017-05-05 10:17:11', 1300449994, 2);

TRUNCATE TABLE `TAB_DEVIS`;
TRUNCATE TABLE `TAB_DOCUMENT`;
TRUNCATE TABLE `TAB_DT`;
INSERT INTO `TAB_DT` (`ID_DT`, `DT_TITRE`, `DT_LANGUES`, `DT_DIPLOMES`, `DT_EXPERIENCE`, `DT_FORMATION`, `DT_OUTILS`, `COMP_APPLICATIONS`, `COMP_INTERVENTIONS`, `COMP_COMPETENCE`) VALUES
(1, 'Développeur', 'Français|maternel', '', 10, 'Bac+5', '', '', '', 'PHP'),
(2, 'Développeur', 'Français|maternel', '', 3, 'Bac', '', '', '', 'C++ DOT.NET'),
(3, 'Intégrateur', 'Français|maternel', '', 1, 'Bac+3', '', '', '', 'HTML CSS '),
(4, 'Développeur junior', 'Français|maternel#Anglais|courant', '', 1, 'Bac+3', '', '', '', 'PHP JAVA RUBY PYTHON'),
(5, 'Développeur', 'Français|maternel', '', 3, 'Bac', '', '', '', 'C++ DOT.NET');

TRUNCATE TABLE `TAB_ECHEANCIER`;
TRUNCATE TABLE `TAB_FACTURATION`;
INSERT INTO `TAB_FACTURATION` (`ID_FACTURATION`, `FACT_REF`, `FACT_DATE`, `FACT_DEBUT`, `FACT_FIN`, `FACT_DATEREGLEMENTATTENDUE`, `FACT_DATEREGLEMENTRECUE`, `FACT_TAUXREMISE`, `FACT_TYPEPAYMENT`, `FACT_COMMENTAIRE`, `FACT_ETAT`, `FACT_DEVISE`, `FACT_CHANGE`, `FACT_DEVISEAGENCE`, `FACT_CHANGEAGENCE`, `FACT_SHOWCOMMENTAIRE`, `FACT_AVOIR`, `FACT_CLOTURE`, `ID_BONDECOMMANDE`, `ID_ECHEANCIER`) VALUES
(1, 'F2016_00001', '2016-05-31', '2016-05-01', '2016-05-31', '2016-07-01', NULL, 0, -1, '', 0, 0, 1, 0, 1, 0, 0, 0, 1, 0);

TRUNCATE TABLE `TAB_FILE`;
TRUNCATE TABLE `TAB_FLAG`;
TRUNCATE TABLE `TAB_FRAIS`;
TRUNCATE TABLE `TAB_FRAISDETAILS`;
TRUNCATE TABLE `TAB_FRAISREEL`;
INSERT INTO `TAB_FRAISREEL` (`ID_FRAISREEL`, `FRAISREEL_NUM`, `FRAISREEL_MONTANT`, `FRAISREEL_TVA`, `FRAISREEL_DEVISE`, `FRAISREEL_CHANGE`, `FRAISREEL_TYPEFRSREF`, `FRAISREEL_INTITULE`, `FRAISREEL_REFACTURE`, `FRAISREEL_DATE`, `ID_PROJET`, `ID_LISTEFRAIS`, `ID_LOT`, `ID_MISSIONPROJET`) VALUES
(1, 1, 250, 0, 0, 1, 0, 'Visite sous-traitant', 1, '2016-05-02', 1, 1, 0, 1),
(2, 2, 65, 10, 0, 1, 1, 'Restaurant avec le client', 0, '2016-05-03', 1, 1, 0, 1),
(3, 0, 100, 9.9989, 0, 1, 2, '', 0, '2017-04-01', -2, 2, 0, 0);

TRUNCATE TABLE `TAB_GROUPECONFIG`;
INSERT INTO `TAB_GROUPECONFIG` (`ID_GROUPECONFIG`, `ID_SOCIETE`, `GRPCONF_WEB`, `GRPCONF_INTRANET`, `GRPCONF_DOWNLOADCENTER`, `GRPCONF_HASH`, `GRPCONF_NBJRSOUVRE`, `GRPCONF_CHARGE`, `GRPCONF_DEVISE`, `GRPCONF_CHANGE`, `GRPCONF_CALENDRIER`, `GRPCONF_TAUXHORAIRE`, `GRPCONF_VALIDATIONTEMPS`, `GRPCONF_VALIDATIONFRAIS`, `GRPCONF_VALIDATIONABSENCES`, `GRPCONF_MENTIONSTEMPS`, `GRPCONF_MENTIONSFRAIS`, `GRPCONF_MENTIONSABSENCES`, `GRPCONF_DATEMAILTEMPS`, `GRPCONF_DATEMAILFRAIS`, `GRPCONF_SHOWDECOMPTE`, `GRPCONF_STARTDECOMPTE`, `GRPCONF_ALERTDECOMPTE`, `GRPCONF_CALCULDECOMPTE`, `GRPCONF_MASKREFAO`, `GRPCONF_MASKREFPROJET`, `GRPCONF_MASKREFACHAT`, `GRPCONF_MASKREFDEVIS`, `GRPCONF_ACHATTAUXTVA`, `GRPCONF_AUTOFACTURATION`, `GRPCONF_DELTAFACTURATION`, `GRPCONF_ETATBEFOREMAILFACTURATION`, `GRPCONF_ETATAFTERMAILFACTURATION`, `GRPCONF_ETATFIXEFACTURATION`, `GRPCONF_MASKREFFACTURATION`, `GRPCONF_MAILFACTURATION`, `GRPCONF_BDCMENTIONS`, `GRPCONF_BDCCONDREGLEMENT`, `GRPCONF_BDCTAUXTVA`, `GRPCONF_BDCTYPEPAYMENT`, `GRPCONF_BDCSHOWINTNAME`, `GRPCONF_BDCSHOWTARIFJRS`, `GRPCONF_BDCSHOWRIB`, `GRPCONF_BDCSHOWJRSOUVRES`, `GRPCONF_BDCSHOWFACTOR`, `GRPCONF_BDCSHOWTVAIC`, `GRPCONF_BDCSHOWNUMBER`, `GRPCONF_BDCSHOWPRJREFERENCE`, `GRPCONF_BDCSHOWFOOTER`, `GRPCONF_BDCSEPARATETPSFRS`, `GRPCONF_BDCGROUPMISSION`, `GRPCONF_BDCCOPYCOMMENTS`, `GRPCONF_BDCSHOWCOMMENTS`, `GRPCONF_BDCIDRIB`, `GRPCONF_BDCIDCRMSOCIETE`, `GRPCONF_ACHATTYPEPAYMENT`, `GRPCONF_ACHATCONDREGLEMENT`, `GRPCONF_TAUXREFACTURATION`, `GRPCONF_PRJALLOWJALONS`, `GRPCONF_PRJALLOWTEMPSEXCEPTION`, `GRPCONF_PRJALLOWAVANTAGES`, `GRPCONF_JDATERESSOURCEPLANNER`, `GRPCONF_CTRAUTOFILLEXPENSES`, `GRPCONF_CTRDUREEHEBDOMADAIRE`, `GRPCONF_CTRALLOWTEMPSEXCEPTION`, `GRPCONF_DEVISSHOWNUMBER`, `GRPCONF_DEVISSHOWTVAIC`, `GRPCONF_DEVISSHOWAOREFERENCE`, `GRPCONF_DEVISSHOWFOOTER`, `GRPCONF_DEVISMENTIONS`, `GRPCONF_DEVISTAUXTVA`, `GRPCONF_DEVISCONDREGLEMENT`, `GRPCONF_DEVISVALIDITE`, `GRPCONF_BAREMESEXCEPTION`, `GRPCONF_AVANTAGESEXCEPTION`, `GRPCONF_CTRSALARYTYPE`, `GRPCONF_BDCEXPENSESEXCLUDINGTAX`) VALUES
(1, 1, 'test_tla', 1, 1, '39ffcea1a5d698a10801', 217, 1.51, 0, 1, 'France_Sans_Pentecote', 1, '0', '0', '0', '', '', '', 0, 0, 1, 1, 1, 0, '[AA][MM][ID_AO] |[AA][MM][ID_AO] |[AA][MM][ID_AO] |[AA][MM][ID_AO] ', '|||', '', '', 20, 0, -2, 9, 1, '1|4|5|9|2|3', 'F[AAAA]_ 00001', '', 'Pénalités de retard (taux annuel) : 13%\nIndemnité forfaitaire de recouvrement : 40 Euros\nIndemnité compensatrice : à hauteur des frais engagés (sans justifications)', 1, 20, -1, 0, 0, 1, 0, 0, 0, 0, 1, 1, 0, 0, 0, 0, 1, 0, -1, 0, 1.25, 0, 1, 1, 0, 1, 0, 1, 0, 0, 1, 1, '', 20, 1, 15, '1|Barême des Astreintes|13|0#2|Barême des Interventions|14|0', '13|1#14|1', 0, 0),
(2, 2, 'test_tla', 1, 1, '39ffcea1a5d698a10801', 217, 1.5, 0, 1, 'France_Sans_Pentecote', 1, '', '', '', '', '', '', 0, 0, 0, 1, 1, 0, '', '', '', '', 0, 0, 0, -1, -1, '', '', NULL, '', 0, 0, -1, 0, 0, 0, 0, 0, 0, 0, 0, 1, 0, 0, 0, 0, 0, 0, -1, 0, 1, 0, 0, 0, 0, 1, 0, 0, 0, 0, 1, 1, '', 0, 0, 15, '', '', 0, 0);

TRUNCATE TABLE `TAB_INBU`;
TRUNCATE TABLE `TAB_INFLUENCER`;
TRUNCATE TABLE `TAB_INSTALLAPI`;
TRUNCATE TABLE `TAB_INTQUOTA`;
TRUNCATE TABLE `TAB_ITEMDEVIS`;
TRUNCATE TABLE `TAB_ITEMFACTURE`;
INSERT INTO `TAB_ITEMFACTURE` (`ID_ITEMFACTURE`, `ITEM_TYPEF`, `ITEM_DESCRIPTION`, `ITEM_MONTANTHT`, `ITEM_QUANTITE`, `ITEM_TAUXTVA`, `ID_FACTURATION`) VALUES
(1, 0, 'Prestation de service, Mai 2016', 350, 19, 20, 1),
(2, 0, '1-Visite sous-traitant', 134, 1, 0, 1);

TRUNCATE TABLE `TAB_JALON`;
TRUNCATE TABLE `TAB_JUSTIFICATIF`;
TRUNCATE TABLE `TAB_LIGNEFRAIS`;
TRUNCATE TABLE `TAB_LIGNETEMPS`;
INSERT INTO `TAB_LIGNETEMPS` (`ID_LIGNETEMPS`, `LIGNETEMPS_TYPEHREF`, `ID_PROJET`, `ID_LISTETEMPS`, `ID_LOT`, `ID_MISSIONPROJET`) VALUES
(1, 1, 1, 1, 0, 1),
(2, 3, -1, 1, 0, 0);

TRUNCATE TABLE `TAB_LIGNETEMPSPLANIFIE`;
TRUNCATE TABLE `TAB_LISTEABSENCES`;
INSERT INTO `TAB_LISTEABSENCES` (`ID_LISTEABSENCES`, `LISTEABSENCES_ETAT`, `LISTEABSENCES_DATE`, `LISTEABSENCES_TITRE`, `LISTEABSENCES_COMMENTAIRES`, `ID_PROFIL`, `ID_SOCIETE`) VALUES
(1, 2, '2016-05-03', '', '', 3, 1);

TRUNCATE TABLE `TAB_LISTEFRAIS`;
INSERT INTO `TAB_LISTEFRAIS` (`ID_LISTEFRAIS`, `LISTEFRAIS_ETAT`, `LISTEFRAIS_DATE`, `LISTEFRAIS_AVANCE`, `LISTEFRAIS_BKMREF`, `LISTEFRAIS_BKMVALUE`, `LISTEFRAIS_COMMENTAIRES`, `LISTEFRAIS_REGLE`, `LISTEFRAIS_CHANGEAGENCE`, `LISTEFRAIS_DEVISEAGENCE`, `LISTEFRAIS_CLOTURE`, `ID_PROFIL`, `ID_SOCIETE`) VALUES
(1, 2, '2016-05-01', 0, 1, 0.536, '', 0, 1, 0, 0, 3, 1),
(2, 2, '2017-04-01', 0, 3, 0.561, '', 0, 1, 0, 0, 1, 1);

TRUNCATE TABLE `TAB_LISTETEMPS`;
INSERT INTO `TAB_LISTETEMPS` (`ID_LISTETEMPS`, `LISTETEMPS_ETAT`, `LISTETEMPS_DATE`, `LISTETEMPS_COMMENTAIRES`, `LISTETEMPS_CLOTURE`, `ID_PROFIL`, `ID_SOCIETE`) VALUES
(1, 2, '2016-05-01', '', 0, 3, 1);

TRUNCATE TABLE `TAB_LOT`;
TRUNCATE TABLE `TAB_MISSIONDETAILS`;
TRUNCATE TABLE `TAB_MISSIONPROJET`;
INSERT INTO `TAB_MISSIONPROJET` (`ID_MISSIONPROJET`, `MP_TYPE`, `MP_NOM`, `MP_DEBUT`, `MP_FIN`, `MP_CJM`, `MP_PRJM`, `MP_NBJRSFACTURE`, `MP_NBJRSGRATUIT`, `MP_TARIF`, `MP_TARIFHEURE`, `MP_TARIFADDITIONNEL`, `MP_INVESTISSEMENT`, `MP_FORCETARIFHEURE`, `MP_FRSJOUR`, `MP_FRSMENSUEL`, `MP_NBJRSOUVRE`, `MP_COMMENTAIRES`, `MP_CONDITIONS`, `MP_DUREEHEBDOMADAIRE`, `MP_AVANTAGES`, `MP_REGLESTEMPSEXCEPTION`, `ID_PARENT`, `ID_ITEM`, `ITEM_TYPE`, `ID_PROJET`, `ID_CONTRAT`, `ID_ACHAT`, `ID_MASTER`) VALUES
(1, 0, '', '2016-05-02', '2016-07-29', 0, 0, 63, 0, 350, 0, 0, 0, 0, 0, 0, 0, '', '', 0, '', '', 0, 3, 0, 1, 0, 0, 0);

TRUNCATE TABLE `TAB_NOTATION`;
TRUNCATE TABLE `TAB_OBJECTIF`;
TRUNCATE TABLE `TAB_PABSENCE`;
INSERT INTO `TAB_PABSENCE` (`ID_PABSENCE`, `PABS_DEBUT`, `PABS_FIN`, `PABS_DUREE`, `PABS_INTITULE`, `PABS_TYPEHREF`, `ID_LISTEABSENCES`) VALUES
(1, '2016-05-30', '2016-05-31', 2, '', 3, 1);

TRUNCATE TABLE `TAB_PAIEMENT`;
TRUNCATE TABLE `TAB_POLE`;
INSERT INTO `TAB_POLE` (`ID_POLE`, `POLE_NAME`, `POLE_ETAT`) VALUES
(1, 'Pole1', 1),
(2, 'Pole2', 1);

TRUNCATE TABLE `TAB_POSITIONDETAILS`;
TRUNCATE TABLE `TAB_POSITIONNEMENT`;
INSERT INTO `TAB_POSITIONNEMENT` (`ID_POSITIONNEMENT`, `ID_RESPPROFIL`, `ID_AO`, `ID_PROJET`, `POS_DATE`, `POS_ETAT`, `POS_COMMENTAIRE`, `POS_DEBUT`, `POS_FIN`, `POS_TARIF`, `POS_CJM`, `POS_NBJRSFACTURE`, `POS_NBJRSGRATUIT`, `POS_CORRELATION`, `POS_DATEUPDATE`, `POS_TARIFADDITIONNEL`, `POS_INVESTISSEMENT`, `ID_ITEM`, `ITEM_TYPE`) VALUES
(1, 2, 1, 1, '2016-05-25 17:27:27', 2, '', '2016-05-02', '2016-07-29', 350, 0, 63, 0, 1, '2016-05-25 17:27:27', 0, 0, 3, 0);

TRUNCATE TABLE `TAB_PRODUIT`;
TRUNCATE TABLE `TAB_PROFIL`;
INSERT INTO `TAB_PROFIL` (`ID_PROFIL`, `PROFIL_VISIBILITE`, `PROFIL_CIVILITE`, `PROFIL_TYPE`, `PROFIL_ETAT`, `PROFIL_EMAIL`, `PROFIL_EMAIL2`, `PROFIL_EMAIL3`, `PROFIL_NOM`, `PROFIL_PRENOM`, `PROFIL_STATUT`, `PROFIL_TEL1`, `PROFIL_TEL2`, `PROFIL_TEL3`, `PROFIL_FAX`, `PROFIL_ADR`, `PROFIL_CP`, `PROFIL_VILLE`, `PROFIL_PAYS`, `PROFIL_DATENAISSANCE`, `PROFIL_LIEUNAISSANCE`, `PROFIL_NATIONALITE`, `PROFIL_NUMSECU`, `PROFIL_SITUATION`, `PROFIL_ALLOWCHANGE`, `PROFIL_DATEUPDATE`, `PROFIL_DATE`, `PROFIL_REFERENCE`, `ID_EMBAUCHE`, `PARAM_TARIF1`, `PARAM_TARIF2`, `PARAM_TARIF3`, `PARAM_TYPEDISPO`, `PARAM_DATEDISPO`, `PARAM_MOBILITE`, `PARAM_COMMENTAIRE`, `PARAM_COMMENTAIRE2`, `PARAM_DEVISE`, `PARAM_CHANGE`, `PARAM_DEVISEAGENCE`, `PARAM_CHANGEAGENCE`, `PARAM_TYPESOURCE`, `PARAM_SOURCE`, `PARAM_CONTRAT`, `ID_CRMCONTACT`, `ID_CRMSOCIETE`, `ID_RESPMANAGER`, `ID_RESPRH`, `ID_DT`, `ID_SOCIETE`, `ID_POLE`) VALUES
(1, 1, 0, 4, 1, 'vhugo@domain.tld', '', '', 'Hugo', 'Victor', '', '', '', '', '', '', '', '', 'France', NULL, '', 'France', '', 0, 0, '2017-03-23 22:20:22', '2016-05-25 17:27:26', '', 0, 0, 0, 0, 1, '2016-05-25', '', '', '', 0, 1, 0, 0, -1, '', -1, 0, 0, 0, 0, 0, 1, 1),
(2, 1, 0, 3, 1, 'jvernes@domain.tld', '', '', 'Vernes', 'Jules', '', '', '', '', '', '', '', '', 'France', NULL, '', 'France', '', 0, 0, '2016-05-25 17:27:27', '2016-05-25 17:27:27', '', 0, 0, 0, 0, 1, '2016-05-25', '', '', '', 0, 1, 0, 0, -1, '', -1, 0, 0, 2, 2, 0, 1, 0),
(3, 1, 0, 0, 1, 'danielboulanger@domain.tld', '', '', 'Boulanger', 'Daniel', '', '01.02.01.01.14', '', '', '', '98 Avenue Millies Lacroix', '97610', 'DZAOUDZI', 'France', NULL, '', 'France', '1380337932752 47', 0, 0, '2017-03-22 11:33:33', '2016-05-25 17:27:27', '1380337932752 47', 0, 530, 0, 0, 1, '2016-05-25', 'mondeeuropefrance', '', '', 0, 1, 0, 1, -1, '', -1, 0, 0, 3, 3, 1, 1, 0),
(4, 1, 0, 0, 1, 'dinobuzzati@domain.tld', '', '', 'Buzzati', 'Dino', '', '01 01 01 10 12', '', '', '', '88 rue de Groussay', '93110', 'Rosny-sous-bois', 'France', NULL, '', 'France', '1370733930054 76', 0, 0, '2016-05-25 17:27:27', '2016-05-25 17:27:27', '1370733930054 76', 0, 380, 0, 0, 1, '2016-05-25', 'mondeeuropefrance|mondeeuropebelgique', '', '', 0, 1, 0, 1, -1, '', -1, 0, 0, 3, 3, 2, 1, 0),
(5, 1, 0, 0, 1, 'ciziazyke@domain.tld', '', '', 'zyke', 'Cizia', '', '01.02.01.01.13', '', '', '', '15 boulevard de Prague', '30900', 'NÎMES', 'France', NULL, '', 'France', '1580101224826 27', 0, 0, '2016-05-25 17:27:27', '2016-05-25 17:27:27', '1580101224826 27', 0, 250, 0, 0, 1, '2016-05-25', 'mondeeuropefrance|mondeeuropebelgique', '', '', 0, 1, 0, 1, -1, '', -1, 0, 0, 3, 3, 3, 1, 0),
(6, 1, 0, 9, 9, 'charlottebront@domain.tld', '', '', 'Brontë', 'Charlotte', 'A', '01 01 01 10 11', '', '', '', '54 rue Joseph Vernet', '84000', 'Avignon', 'France', NULL, '', 'France', '', 0, 0, '2016-05-25 17:27:27', '2016-05-25 17:27:27', '', 0, 32000, 32000, 40000, 1, '2016-05-25', 'mondeeuropebelgique', '', '', 0, 1, 0, 1, -1, '', 0, 0, 0, 3, 3, 4, 1, 0),
(7, 1, 0, 9, 3, 'dinobuzzati@domain.tld', '', '', 'Buzzati', 'Dino', 'A', '01 01 01 10 12', '', '', '', '88 rue de Groussay', '93110', 'Rosny-sous-bois', 'France', NULL, '', 'France', '', 0, 0, '2016-05-25 17:27:27', '2016-05-25 17:27:27', '', 4, 42000, 42000, 49000, 2, '2016-05-25', 'mondeeuropefrance|mondeeuropebelgique', '', '', 0, 1, 0, 1, -1, '', 1, 0, 0, 3, 3, 5, 1, 0);

TRUNCATE TABLE `TAB_PROJET`;
INSERT INTO `TAB_PROJET` (`ID_PROJET`, `PRJ_ETAT`, `PRJ_REFERENCE`, `PRJ_COMMENTAIRES`, `PRJ_ADR`, `PRJ_CP`, `PRJ_VILLE`, `PRJ_PAYS`, `PRJ_DATE`, `PRJ_DEBUT`, `PRJ_FIN`, `PRJ_DEVISE`, `PRJ_CHANGE`, `PRJ_DEVISEAGENCE`, `PRJ_CHANGEAGENCE`, `PRJ_RESTEAFAIRE`, `PRJ_DATEUPDATE`, `PRJ_DATELOTUPDATE`, `PRJ_CORRELATIONJALON`, `PRJ_LOTSTAB`, `PRJ_LOTVIEW`, `PRJ_CONSOMMATIONVIEW`, `PRJ_TARIFADDITIONNEL`, `PRJ_INVESTISSEMENT`, `PRJ_TYPE`, `PRJ_TYPEREF`, `PRJ_MIXTE`, `ID_CRMCONTACT`, `ID_CRMSOCIETE`, `ID_PROFILCDP`, `ID_AO`, `ID_PROFIL`, `ID_SOCIETE`, `ID_POLE`, `ID_CRMTECHNIQUE`) VALUES
(1, 1, 'PRJ1', '', '1 avenue du maréchal', '48250', 'Laveyrune', 'France', '2016-05-25 17:27:27', '2016-05-02', '2016-07-29', 0, 1, 0, 1, 0, '2017-03-22 10:28:47', NULL, 0, 0, 0, 1, 0, 0, 1, 1, 0, 1, 1, '', 1, 2, 1, 0, 0);

TRUNCATE TABLE `TAB_REFERENCE`;
TRUNCATE TABLE `TAB_REGLEEXCEPTION`;
TRUNCATE TABLE `TAB_REPARTPRODUCTION`;
TRUNCATE TABLE `TAB_RIB`;
INSERT INTO `TAB_RIB` (`ID_RIB`, `RIB_DESCRIPTION`, `RIB_IBAN`, `RIB_BIC`, `RIB_TYPE`, `ID_PARENT`) VALUES
(1, 'Crédit agricole', 'FR5612345678910', 'CAQP123XXX', 0, 1);

TRUNCATE TABLE `TAB_ROLE`;
TRUNCATE TABLE `TAB_SHAREGROUPE`;
TRUNCATE TABLE `TAB_SOCIETE`;
INSERT INTO `TAB_SOCIETE` (`ID_SOCIETE`, `SOCIETE_RAISON`, `SOCIETE_GROUPE`, `SOCIETE_EFFECTIF`, `SOCIETE_TVA`, `SOCIETE_SIREN`, `SOCIETE_NIC`, `SOCIETE_WEB`, `SOCIETE_ADR`, `SOCIETE_CP`, `SOCIETE_VILLE`, `SOCIETE_PAYS`, `SOCIETE_RCS`, `SOCIETE_NAF`, `SOCIETE_STATUT`, `SOCIETE_EMAIL`, `SOCIETE_TEL`, `SOCIETE_ETAT`) VALUES
(1, 'Test', 'Test', 10, 'FR12345678910', '345678910', '00012', 'http://www.domain-lore.tld', '18 avenue de la République', '59000', 'Lille', 'France', 'Lille L 18 346 414', '6202A', 'SAS', 'contact@domain-lore.tld', '0320304050', 1),
(2, 'Test2', 'Test', 0, '', '', '', '', '', '', '', 'France', '', '', '', '', '', 1);

TRUNCATE TABLE `TAB_SOLR`;
INSERT INTO `TAB_SOLR` (`ID_SOLR`, `SOLR_MODULE`, `SOLR_LASTIMPORT`) VALUES
(3, 0, '2017-03-21 15:53:06'),
(4, 10, '2017-03-22 11:33:33'),
(5, 7, '2017-03-23 22:20:22'),
(6, 8, '2017-03-23 22:20:22');

TRUNCATE TABLE `TAB_TEMPS`;
INSERT INTO `TAB_TEMPS` (`ID_TEMPS`, `TEMPS_DUREE`, `TEMPS_DATE`, `ID_LIGNETEMPS`) VALUES
(1, 1, '2016-05-02', 1),
(2, 1, '2016-05-03', 1),
(3, 1, '2016-05-04', 1),
(4, 1, '2016-05-06', 1),
(5, 1, '2016-05-09', 1),
(6, 1, '2016-05-10', 1),
(7, 1, '2016-05-11', 1),
(8, 1, '2016-05-12', 1),
(9, 1, '2016-05-13', 1),
(10, 1, '2016-05-16', 1),
(11, 1, '2016-05-17', 1),
(12, 1, '2016-05-18', 1),
(13, 1, '2016-05-19', 1),
(14, 1, '2016-05-20', 1),
(15, 1, '2016-05-23', 1),
(16, 1, '2016-05-24', 1),
(17, 1, '2016-05-25', 1),
(18, 1, '2016-05-26', 1),
(19, 1, '2016-05-27', 1),
(20, 1, '2016-05-30', 2),
(21, 1, '2016-05-31', 2);

TRUNCATE TABLE `TAB_TEMPSEXCEPTION`;
TRUNCATE TABLE `TAB_TEMPSPLANIFIE`;
TRUNCATE TABLE `TAB_TYPEAVANTAGE`;
INSERT INTO `TAB_TYPEAVANTAGE` (`ID_TYPEAVANTAGE`, `TYPEA_REF`, `TYPEA_NAME`, `TYPEA_TYPE`, `TYPEA_CATEGORIE`, `TYPEA_QUOTAPARTICIPATION`, `TYPEA_QUOTARESSOURCE`, `TYPEA_QUOTASOCIETE`, `TYPEA_ETAT`, `TYPEA_DEFAUT`, `ID_SOCIETE`) VALUES
(1, 1, 'Prime', 0, 0, 0, 0, 1.48, 1, 0, 1);

TRUNCATE TABLE `TAB_TYPEDECOMPTE`;
INSERT INTO `TAB_TYPEDECOMPTE` (`ID_TYPEDECOMPTE`, `TYPED_TYPEHREF`, `TYPED_STARTDECOMPTE`, `TYPED_QUOTA`, `TYPED_INCR`, `TYPED_REPORT`, `TYPED_USEBEINGACQUIRED`, `ID_SOCIETE`) VALUES
(1, 3, 6, 0, 2.08, 1, 0, 1),
(2, 5, 1, 0, 1, 0, 0, 1);

TRUNCATE TABLE `TAB_TYPEFACTURATION`;
TRUNCATE TABLE `TAB_TYPEFRAIS`;
INSERT INTO `TAB_TYPEFRAIS` (`ID_TYPEFRAIS`, `TYPEFRS_REF`, `TYPEFRS_NAME`, `TYPEFRS_TVA`, `TYPEFRS_ETAT`, `ID_SOCIETE`) VALUES
(11, 4, 'Déplacement', 0, 1, 1),
(10, 3, 'Téléphone', 0, 1, 1),
(9, 2, 'Hôtel', 5, 1, 1),
(8, 1, 'Restaurant', 10, 1, 1),
(12, 5, 'Divers', 20, 1, 1);

TRUNCATE TABLE `TAB_TYPEHEURE`;
INSERT INTO `TAB_TYPEHEURE` (`ID_TYPEHEURE`, `TYPEH_REF`, `TYPEH_NAME`, `TYPEH_TYPEACTIVITE`, `TYPEH_ETAT`, `ID_SOCIETE`) VALUES
(17, 8, 'Maladie', 1, 3, 1),
(16, 7, 'Décès/Mariage', 1, 1, 1),
(15, 6, 'Autre', 2, 1, 1),
(14, 5, 'RTT', 1, 1, 1),
(13, 4, 'CSS', 1, 1, 1),
(12, 3, 'CP', 1, 1, 1),
(11, 2, 'Astreinte', 0, 0, 1),
(10, 1, 'Normale', 0, 1, 1),
(18, 9, 'Formation', 2, 1, 1),
(19, 10, 'Intercontrat', 2, 1, 1),
(20, 11, 'Projet Int.', 2, 1, 1),
(21, 12, 'Maternité/Paternité', 1, 1, 1),
(22, 13, 'Astreintes', 4, 1, 1),
(23, 14, 'Heures Sup.', 3, 1, 1);

TRUNCATE TABLE `TAB_USER`;
INSERT INTO `TAB_USER` (`ID_USER`, `USER_TYPE`, `USER_LOGIN`, `USER_PWD`, `USER_CONNECTIONTYPE`, `USER_LASTCONNEXION`, `USER_ABONNEMENT`, `USER_ALLOWTEMPSEXCEPTION`, `USER_TAUXHORAIRE`, `USER_VALIDATIONTEMPS`, `USER_VALIDATIONFRAIS`, `USER_VALIDATIONABSENCES`, `USER_TPSFRSSTART`, `USER_TPSFRSETAT`, `USER_LANGUE`, `USER_HOMEPAGE`, `USER_DEFAULTSEARCH`, `USER_JOINCATEGORY`, `USER_SECURITYALERT`, `USER_SECURITYCOOKIE`, `USER_ALLOWABSENCESTYPEHREF`, `ID_PROFIL`, `ID_ROLE`) VALUES
(1, 4, 'adm_test', '435bcaa6e48d45f5fbc3b511d4fd5432', 0, '2017-05-31 10:48:39', 3, 0, NULL, NULL, NULL, NULL, NULL, 1, 'fr', '', 1, 0, 0, 0, '', 0, 0),
(2, 2, 'test_vhugo', '5d7d4de59433d6807eb6ab5b25f14eec', 0, '2017-05-15 11:10:43', 3, 0, NULL, NULL, NULL, NULL, NULL, 1, 'fr', 'tableau-de-bord/liste-actions 115000504363', 1, 0, 0, 0, '', 1, 0),
(3, 2, 'test_jvernes', '7017e48b97c1b438bead2a43640733c4', 0, '2016-05-25 17:27:36', 3, 0, NULL, NULL, NULL, NULL, NULL, 1, 'fr', 'tableau-de-bord/liste-actions 115000504363', 1, 0, 0, 0, '', 2, 0),
(4, 6, 'test_dboulanger', 'dac963f7e4273ba888aa9cd1a56caf18', 0, '2016-05-25 17:27:27', 3, 0, NULL, NULL, NULL, NULL, NULL, 1, 'fr', '', 1, 0, 0, 0, '', 3, 0),
(5, 6, 'test_dbuzzati', 'd4512cdd47a8c6ee2f88ccac120b13ce', 0, '2016-05-25 17:27:27', 3, 0, NULL, NULL, NULL, NULL, NULL, 1, 'fr', '', 1, 0, 0, 0, '', 4, 0),
(6, 6, 'test_czyke', '319079c7c34f865de4f442eedc65274f', 0, '2016-05-25 17:27:27', 3, 0, NULL, NULL, NULL, NULL, NULL, 1, 'fr', '', 1, 0, 0, 0, '', 5, 0);

TRUNCATE TABLE `TAB_USERCONFIG`;
INSERT INTO `TAB_USERCONFIG` (`ID_USERCONFIG`, `CONFIG_ADMINISTRATOR`, `CONFIG_RESSOURCE`, `CONFIG_BESOIN`, `CONFIG_PROJET`, `CONFIG_CANDIDAT`, `CONFIG_TPSFRS`, `CONFIG_CRM`, `CONFIG_FACTURATION`, `CONFIG_PRODUIT`, `CONFIG_ACHAT`, `CONFIG_REPORTING`, `CONFIG_SHOWFACTURES`, `CONFIG_SHOWGROUPE`, `CONFIG_SHOWBUPOLE`, `CONFIG_SHOWALLMANAGERS`, `CONFIG_SHOWALLAGENCIES`, `CONFIG_SHOWALLPOLES`, `CONFIG_ALLOWCREERRESSOURCES`, `CONFIG_ALLOWCREERPRODUITS`, `CONFIG_ALLOWCREERCANDIDATS`, `CONFIG_SHOWALLRESSOURCES`, `CONFIG_SHOWALLBESOINS`, `CONFIG_SHOWALLPROJETS`, `CONFIG_SHOWALLCANDIDATS`, `CONFIG_SHOWALLPRODUITS`, `CONFIG_SHOWALLCRM`, `CONFIG_SHOWALLACHATS`, `CONFIG_SHOWALLBDC`, `CONFIG_SHOWALLFLAGS`, `CONFIG_WRITEALLRESSOURCES`, `CONFIG_WRITEALLBESOINS`, `CONFIG_WRITEALLPROJETS`, `CONFIG_WRITEALLCANDIDATS`, `CONFIG_WRITEALLPRODUITS`, `CONFIG_WRITEALLCRM`, `CONFIG_WRITEALLACHATS`, `CONFIG_WRITEALLBDC`, `CONFIG_WRITEALLACTIONS`, `CONFIG_ALLOWACCESSACTIONSRESSOURCES`, `CONFIG_ALLOWACCESSACTIONSCANDIDATS`, `CONFIG_ALLOWACCESSADMINRESSOURCES`, `CONFIG_ALLOWACCESSADMINPROJETS`, `CONFIG_ALLOWMASKEDDATABESOINS`, `CONFIG_ALLOWMODIFYCREATIONDATERESSOURCES`, `CONFIG_ALLOWMODIFYCREATIONDATEBESOINS`, `CONFIG_ALLOWMODIFYCREATIONDATECANDIDATS`, `CONFIG_ALLOWMODIFYCREATIONDATEPROJETS`, `CONFIG_ALLOWMODIFYCREATIONDATECRM`, `CONFIG_ALLOWMODIFYDATEBILLS`, `CONFIG_ALLOWMODIFYREFERENCEBDC`, `CONFIG_EXTRACTIONRESSOURCES`, `CONFIG_EXTRACTIONBESOINS`, `CONFIG_EXTRACTIONCANDIDATS`, `CONFIG_EXTRACTIONPRODUITS`, `CONFIG_EXTRACTIONCRM`, `CONFIG_EXTRACTIONACHATS`, `CONFIG_EXTRACTIONPROJETS`, `CONFIG_EXTRACTIONTPSFRS`, `CONFIG_EXTRACTIONBDC`, `CONFIG_EXTRACTIONREPORTING`, `CONFIG_EXTRACTIONACTIONS`, `CONFIG_EXPORTATIONTPSFRS`, `CONFIG_EXPORTATIONBDC`, `CONFIG_EXPORTATIONCRM`, `CONFIG_EXPORTATIONACHATS`, `CONFIG_ALLOWAFFECTATIONCRM`, `CONFIG_ALLOWAFFECTATIONACHATS`, `CONFIG_ALLOWAFFECTATIONPRODUITS`, `CONFIG_ALLOWAFFECTATIONCANDIDATS`, `CONFIG_ALLOWAFFECTATIONRESSOURCES`, `CONFIG_ALLOWAFFECTATIONBESOINS`, `CONFIG_ALLOWAFFECTATIONTPSFRS`, `CONFIG_ALLOWAFFECTATIONBDC`, `CONFIG_ALLOWAFFECTATIONPROJETS`, `CONFIG_ALLOWAFFECTATIONACTIONS`, `CONFIG_ALLOWSUPPRESSIONCRM`, `CONFIG_ALLOWSUPPRESSIONACHATS`, `CONFIG_ALLOWSUPPRESSIONPRODUITS`, `CONFIG_ALLOWSUPPRESSIONCANDIDATS`, `CONFIG_ALLOWSUPPRESSIONRESSOURCES`, `CONFIG_ALLOWSUPPRESSIONBESOINS`, `CONFIG_ALLOWSUPPRESSIONBDC`, `CONFIG_ALLOWSUPPRESSIONPROJETS`, `CONFIG_ALLOWSUPPRESSIONTPSFRS`, `CONFIG_ALLOWSUPPRESSIONACTIONS`, `CONFIG_REPORTINGAC`, `CONFIG_REPORTINGRH`, `CONFIG_REPORTINGAR`, `CONFIG_REPORTINGTF`, `CONFIG_REPORTINGAG`, `CONFIG_REPORTINGFN`, `CONFIG_REPARTITION`, `CONFIG_REPORTINGPRJ`, `CONFIG_REPORTINGCMP`, `CONFIG_APICALENDAR`, `CONFIG_APIMAIL`, `CONFIG_APIVIEWER`, `CONFIG_APIEMAILING`, `CONFIG_APIS`, `CONFIG_MENUBAR`, `CONFIG_DASHBOARD`, `CONFIG_SOCIETES`, `CONFIG_POLES`, `ID_USER`) VALUES
(1, 0, 1, 1, 1, 1, 1, 1, 1, 1, 1, 0, 1, 0, 0, 0, 0, 0, 0, 0, 0, 0, 0, 0, 0, 0, 0, 0, 0, 0, 0, 0, 0, 0, 0, 0, 0, 0, 0, 0, 0, 0, 0, 0, 0, 0, 0, 0, 0, 0, 0, 0, 0, 0, 0, 0, 0, 0, 0, 0, 0, 0, 0, 0, 0, 0, 0, 0, 0, 0, 0, 0, 0, 0, 0, 0, 0, 0, 0, 0, 0, 0, 0, 0, 0, 0, '', '', '', '', '', '', '', '', '', 0, 0, 0, 0, '', '', '', '', '', 1),
(2, 1, 1, 1, 1, 1, 1, 1, 1, 1, 1, 1, 1, 1, 0, 0, 0, 0, 1, 1, 1, 0, 0, 0, 0, 0, 0, 0, 0, 0, 0, 0, 0, 0, 0, 0, 0, 0, 0, 0, 0, 2, 1, 0, 1, 1, 1, 1, 1, 0, 1, 1, 1, 1, 1, 1, 1, 1, 1, 1, 1, 1, 1, 1, 1, 1, 1, 1, 1, 1, 1, 1, 1, 1, 1, 1, 1, 1, 1, 1, 1, 1, 1, 1, 1, 1, '', '', '', '', '', '', '', 'PJ_0|PJ_1|PJ_2|PJ_31|PJ_30|PJ_56|PJ_12|PJ_13|-1|PJ_19|PJ_20|PJ_21|PJ_22|-1|PJ_33|PJ_34|PJ_35|PJ_36|-1|PJ_44|-1|PJ_37|-1|PJ_38|PJ_4|-1|PJ_5|PJ_6|PJ_7|-1|PJ_32|-1|PJ_9|PJ_27|PJ_28|-1|PJ_17|PJ_25|PJ_26|-1|PJ_8|PJ_10|PJ_11|-1|PJ_14|PJ_23|PJ_24|-1|PJ_15|PJ_16|PJ_43', '', 0, 0, 0, 0, '', 'tableau-de-bord/liste-actions|tableau-de-bord/liste-candidats|tableau-de-bord/liste-ressources|tableau-de-bord/liste-produits|tableau-de-bord/liste-crm|tableau-de-bord/liste-besoins|tableau-de-bord/liste-positionnements|tableau-de-bord/liste-projets|tableau-de-bord/liste-commandes-factures|tableau-de-bord/rapports-activite', 'id%5B%5D=2&ps=4 ', '2', '2', 2),
(3, 0, 1, 1, 1, 1, 1, 1, 1, 1, 1, 1, 0, 0, 0, 0, 0, 0, 1, 1, 1, 2, 2, 2, 2, 2, 2, 2, 2, 0, 1, 1, 1, 1, 1, 1, 1, 1, 1, 1, 1, 2, 1, 0, 1, 1, 1, 1, 1, 0, 1, 1, 1, 1, 1, 1, 1, 1, 1, 1, 1, 1, 1, 1, 1, 1, 1, 1, 1, 1, 1, 1, 1, 1, 1, 1, 1, 1, 1, 1, 1, 1, 1, 1, 1, 1, '', '', '', '', '', '', '', '', '', 0, 0, 0, 0, '', '', '', '', '', 3);

TRUNCATE TABLE `TAB_USERFLAG`;
TRUNCATE TABLE `TAB_VALIDATION`;
TRUNCATE TABLE `TAB_WEBSOCIAL`;
